{"cameraMode":{"drawMode":0,"name":"Shaded","section":"Shading Mode"},"sceneLighting":false,"audioPlay":false,"sceneViewState":{"showFog":false,"showMaterialUpdate":true,"showSkybox":true,"showFlares":true,"showImageEffects":true,"showParticleSystems":true},"in2DMode":false,"pivot":{"x":-2.742560625076294,"y":1.0686522722244263,"z":-2.227543830871582},"rotation":{"x":0.36007291078567507,"y":0.015393481589853764,"z":-0.005941884592175484,"w":0.9327782988548279},"size":0.25000497698783877,"orthographic":false}