{"cameraMode":{"drawMode":0,"name":"Shaded","section":"Shading Mode"},"sceneLighting":false,"audioPlay":false,"sceneViewState":{"showFog":false,"showMaterialUpdate":true,"showSkybox":true,"showFlares":true,"showImageEffects":true,"showParticleSystems":true},"in2DMode":false,"pivot":{"x":34.01744842529297,"y":5.0341386795043949,"z":-0.017947250977158548},"rotation":{"x":0.06356929242610932,"y":0.8096134066581726,"z":-0.5766449570655823,"w":0.08925127983093262},"size":22.0,"orthographic":false}