{"cameraMode":{"drawMode":0,"name":"Shaded","section":"Shading Mode"},"sceneLighting":true,"audioPlay":false,"sceneViewState":{"showFog":false,"showMaterialUpdate":true,"showSkybox":true,"showFlares":true,"showImageEffects":true,"showParticleSystems":true},"in2DMode":false,"pivot":{"x":-2.818708658218384,"y":1.014255404472351,"z":-1.949456810951233},"rotation":{"x":0.040942080318927768,"y":-0.9289554357528687,"z":0.10815202444791794,"w":0.35166558623313906},"size":19.30293083190918,"orthographic":false}